name,id,popularity,followers
Wiener Philharmoniker,1,72,88851
The Poxy Boggards,10,40,6249
Agho,100,28,276
Doctor Dixie Jazz Band,1000,17,490
Chubb Rock,1001,0,0
Pablo Málaga,1002,2,723
graves,1003,54,36185
Gangsta L,1004,0,0
Circle of Contempt,1005,22,12460
Stefon Harris,1006,0,0
Roxie 77,1007,3,432
Carol Robinson,1008,7,104
Ralph Stanley,1009,0,0
Ephraim Wegner,101,0,28
Hekler,1010,40,24037
Obnox,1011,0,0
Iván Fischer,1012,47,2153
Kall Medrado,1013,13,437
Roy Todd,1014,19,1842
Abd Al Malik,1015,0,0
Benny Green,1016,0,0
Chris Lee Cobbins,1017,0,0
The Grace Thrillers,1018,34,5871
Costumbre,1019,52,128016
Tackhead,102,0,0
Sleepermane,1020,0,0
Jboy,1021,29,427
Nigel Short,1022,46,746
Don Toliver,1023,0,0
Mikel Izal,1024,32,1257
Naresh Chandra,1025,0,0
Enguerrand Friedrich Lühl,1026,5,115
Electric Wizard,1027,50,208206
The Bright,1028,22,4193
8 Corazones,1029,40,14945
Horus Rao,103,4,174
Yung Jules,1030,21,1192
André Boucourechliev,1031,0,0
Aleyce Simmonds,1032,20,2007
Francesco Delgado,1033,0,6
"Joven Orquesta Promusica de Malaga, Orquesta Infantil Promusica de Malaga & Orquesta de Camara Promusica de Malaga",1034,0,18
MoGroove,1035,0,530
Behnam Masoumi,1036,0,38
Envine,1037,0,0
J Flash,1038,1,112
Karl Eliasberg,1039,12,68
Kate Michaels,104,5,49
Valentino Jazz Bazar,1040,15,1076
Forests And Communism,1041,0,2
Lawrence Dale Harper,1042,4,0
Max Graham,1043,0,0
Riccardo Chailly,1044,60,6062
Kosmic La Ciencia,1045,7,213
Lucas Carpenter,1046,1,283
Urworld,1047,40,2501
Tchoupi,1048,38,2789
Gustaf Sjokvist,1049,0,0
Kelis,105,71,402533
Erikka,1050,36,6611
Juice WRLD,1051,97,16802146
Moana And The Moa Hunters,1052,23,3403
Dominik Hauser,1053,0,0
The Blue Aeroplanes,1054,25,6599
Amentis,1055,0,0
Julia Eckhardt,1056,5,35
Jay Adams,1057,0,0
Paul Arcane,1058,0,0
Gerardo Sandoval Y Su 4TA Dimension,1059,22,2153
Pavel Molina,106,0,0
Felicity Palmer,1060,0,0
NonaRia,1061,35,8909
Wolfgang Amadeus Mozart,1062,0,0
Feeling,1063,0,0
Orquesta Ritmo Oriental,1064,7,575
Bero Quintanilla,1065,29,20341
Clow MC,1066,30,3666
Budo,1067,16,1155
Hiem,1068,0,0
Mazimpaka Prime,1069,3,44
John Morgan,107,19,175
Christopher Haigh,1070,19,1043
Rebekka Karijord,1071,26,11699
Robert Sharples,1072,0,0
Olamide,1073,0,0
Miami,1074,0,0
Thelonious Monk,1075,59,483560
John Masefield,1076,0,0
Paula Abdul,1077,58,680874
Helloween,1078,63,813229
Premo Rice,1079,46,10163
NoCap Quan,108,8,194
Villanova,1080,0,0
Giulia Tellarini,1081,0,87
Prophex,1082,28,1497
Miss Ko,1083,0,0
Mischa Frey,1084,9,4
Connie Constance,1085,40,19470
Ernie Englund,1086,16,877
Vacationer,1087,45,66301
Banda Primeira Dama,1088,25,1671
Viviane Chassot,1089,29,776
Tyshawn Sorey,109,31,5664
Vincent,1090,0,0
Yegane,1091,2,125
Céline Dion,1092,0,0
Topmodelz,1093,52,16857
Ectogasmics,1094,0,0
Andy Williams,1095,0,0
Lisa Ekdahl,1096,52,90975
Alex Jo Klaas,1097,29,572
El Guato,1098,26,5011
Kaya Project,1099,0,0
Haushamer Bergwachtgsang,11,0,0
Download,110,0,0
Big Band in Simfoniki RTV Slovenija,1100,5,8
Grateful Dead,1101,72,1195483
Erroll Garner Trio,1102,13,2217
Ringnes-Ronny,1103,69,69462
Spice 1,1104,0,0
Süheyl Denizci Orkestrası,1105,26,61
Shintaro Sakamoto,1106,50,109703
76er Boys,1107,35,3919
SuRie,1108,27,4622
The Gits,1109,33,22209
Bobby Cruz,111,48,46944
Ourafter,1110,0,73
With Resistance,1111,0,0
Flamekeepers,1112,6,241
The Pennsylvanians,1113,13,33
Jatinder Shah,1114,49,979
Brenna Whitaker,1115,35,7912
Kasatka,1116,0,0
DJ Dan,1117,0,0
Shapeshifter,1118,50,54802
D+,1119,7,913
Coktel Molotov,112,29,35748
Liz Menezes,1120,0,0
Allman Brothers Band,1121,69,1084228
My Eve Proposal,1122,0,107
Federico Molinari,1123,0,0
The Backlash,1124,1,165
David Buckley,1125,0,0
Piano Tribute Players,1126,59,52638
Muddy Waters,1127,60,1012515
WeRCharm,1128,4,9212
Madelyn Paquette,1129,35,430
Martin Buchholz,113,0,0
Neal Schon,1130,0,0
Vladimir de Pachmann,1131,0,0
Gianandrea Noseda,1132,47,1774
Rahman Asadollahi,1133,0,0
Bloodstone,1134,0,0
Dre Prince,1135,1,297
"Agallah, Shan",1136,0,0
Minimum Vital,1137,22,821
Diezel,1138,0,0
Faultlines,1139,7,617
Whosah,114,25,1870
HMB,1140,0,0
Engineers in Your Ear,1141,0,56
JG Thirlwell,1142,0,0
Daniel Feinberg,1143,20,812
Stine Grove,1144,0,0
Fireforce,1145,18,2340
Just Jason,1146,0,26
Michael H. Cohen,1147,5,242
Mohito,1148,49,153698
Kailyn Quincy,1149,0,9
Sari Kaasinen,115,16,642
Fadda Fox,1150,0,0
I Just Had Sex,1151,4,2753
Murat Boz,1152,59,1333104
Das große Klassik Orchester,1153,0,0
The Little Singers,1154,21,2408
The Choir of St. Mary's Episcopal Cathedral,1155,24,841
L'orchestre Viva La Musica,1156,8,30
T&T Music Factory,1157,0,0
Jackie And The Cedrics,1158,5,506
Lunch Money,1159,0,0
Boston Symphony Orchestra,116,0,0
Suar & Temaram,1160,21,367
The Used,1161,67,872475
Beat Service,1162,0,0
Calypso Rose,1163,0,0
Beth Carvalho,1164,0,0
Yehuda Singers,1165,30,600
Marc Minkowski,1166,0,0
Dead Sara,1167,43,57728
Vintage & Morelli,1168,0,0
Kane Incognito,1169,10,572
Rain Recordings,117,58,1104
A'Studio,1170,39,22827
Aura Hiemis,1171,0,0
GBF King,1172,0,0
Los Rieleros Del Norte,1173,65,759658
Mike Reagan,1174,0,0
I Am,1175,0,0
Kujawa Elementary School Eagle Choir,1176,1,5
Nobodys w/Joe Queer,1177,0,13
Washington,1178,42,32461
Johann Sebastian Bach,1179,0,0
Mephistosystem,118,0,78
Albert King,1180,55,324227
Greg Wilson,1181,0,0
Goggatjie,1182,17,174
Jirí Malát,1183,0,0
Mr Sayda,1184,16,506
Craig Wingrove,1185,42,2456
Rockabye Baby!,1186,66,193049
"Wisconsin Wind Orchestra, The",1187,4,19
Silzer Quartet,1188,1,3
Hypno5e,1189,28,10870
Blacko,119,43,59558
Tarzan Boy,1190,34,7445
The Manaraze Family,1191,8,481
Mickey Cora,1192,11,106
Bernard Herrmann,1193,0,0
Andrew Applepie,1194,50,56761
Rajesh Roshan,1195,48,199681
Chalie Boy,1196,42,72747
Los Baby's,1197,58,125979
Raza For Christ,1198,31,40533
Nicky Romero,1199,0,0
Ariel Sharratt,12,21,636
Lustre,120,33,22764
The Shabs,1200,10,664
Scracho,1201,44,167445
The Prunes,1202,6,198
Kyrios,1203,35,7032
Town Mountain,1204,48,27187
Hossein Behroozinia,1205,7,366
Audio Lotion,1206,28,5163
Paul Haslinger,1207,46,8718
Neptunica,1208,0,0
Monk Key,1209,1,28
Robots and Racecars,121,0,0
Arcangelo Corelli,1210,0,0
Sylk,1211,0,0
Dirt Monkey,1212,0,0
Sideform,1213,0,0
Sarah Chang,1214,47,17358
The Mellowells,1215,39,6583
Okkervil River,1216,0,0
Koks,1217,1,32
Enrica Cavallo,1218,1,17
Cole Thannisch,1219,0,89
Mai Tai,122,29,5665
David K feat. Yo-C,1220,27,93
Budapest Festival Orchestra,1221,47,4445
Exploid,1222,18,968
島田真夢(CV:吉岡茉祐),1223,0,0
梁博,1224,38,4403
Rayhon,1225,0,0
Johnny Walylko,1226,0,128
Bryan Kearney,1227,0,0
TORK,1228,0,115
Ilya Kuznetsov,1229,19,260
Sacha Sacket,123,5,298
We Are Me,1230,3,667
Ralk,1231,55,6706
Warboy,1232,0,0
Gurd,1233,7,643
The Guy Who Sings Your Name Over and Over,1234,22,5043
Kombii,1235,0,0
DAN TOTH,1236,39,416
Morning Wars,1237,2,329
Jonathan Butler,1238,45,31642
Cyco City,1239,1,114
WELL$,124,33,7695
Valerie Hartmann-Claverie,1240,14,10
Los Cometas,1241,21,995
George Acosta,1242,0,0
Grupo Master La Universidad De La Kumbia,1243,4,319
葉月,1244,19,2111
Chris Lake,1245,0,0
Diagram Brothers,1246,6,706
Misellia,1247,53,50320
In Vain,1248,28,18035
Exclusion,1249,0,0
Paradiso Girls,125,34,7064
Lords Of The New Church,1250,34,34313
Ian Whitty And The Exchange,1251,1,113
Tim Laycock,1252,0,0
Joanna,1253,43,16031
Brian Marquis,1254,3,973
Miranda Sex Garden,1255,22,9256
Kasper Marott,1256,27,3117
Finnish Radio Symphony Orchestra,1257,27,1784
Tyga,1258,0,0
Mothz,1259,45,921
Various Artists,126,0,1133954
General Elektriks,1260,0,0
Figure,1261,43,91742
Kev Miranda,1262,38,6027
The Notorious B.I.G.,1263,83,6258716
Aleksander Michałowski,1264,10,65
Marcus Mouya,1265,34,8156
Solitude Within,1266,1,239
Chris Velasco,1267,0,259
Ine Hoem,1268,26,3451
Foans,1269,0,0
Ellen Nisbeth,127,3,63
New Gypsies,1270,18,1457
Radkevich,1271,1,2
Meditación Maestro,1272,41,10811
Zig Zags,1273,29,9115
C.A. Quintet,1274,10,4151
Faith Evans,1275,69,1003626
Au Pairs,1276,0,0
Lørd Burns,1277,0,75
Fiandola,1278,6,576
Roem Baur,1279,1,229
Stone City Band,128,18,1282
Daniel Grear,1280,0,102
Sugar Boy,1281,26,1499
Point Blank,1282,0,0
Nossa Toca,1283,47,96152
Munir Bachir,1284,21,2021
Akee Fontane,1285,3,89
Dany Laj and The Looks,1286,4,228
Roska,1287,0,0
MDR Leipzig Radio Chorus,1288,0,0
Taufiq Qureshi,1289,10,548
Hit Running Trax,129,5,329
The V and The A,1290,4,52
Eddy Marcano,1291,0,0
Verlene Schermer,1292,0,0
Los Blanco,1293,32,14263
Griffin Peterson,1294,38,13743
Nigel Good,1295,34,8702
Karl Ratzer,1296,0,0
Farewell Milwaukee,1297,18,6603
CAPYAC,1298,44,15813
Kiki Lesendric i Piloti,1299,17,691
Miguel Mateos,13,57,418768
Zection,130,1,195
Estas Tonne,1300,48,165461
Richard Berry,1301,0,0
Mermaidens,1302,21,3631
Nienke Plas,1303,42,9756
Roads,1304,0,0
Brussels Philharmonic,1305,51,1360
The Zydeco Hellraisers,1306,4,41
Hayzee,1307,14,141
Killer T,1308,0,0
Killdozer,1309,18,7546
Jonnas Roy,131,0,0
Lawrence,1310,56,107955
Peter Pann,1311,0,0
Ghost Soul Trio,1312,23,938
Sinedrome,1313,3,25
Chappaqua Wrestling,1314,34,5055
Eric Prydz,1315,0,0
Parliament,1316,59,553572
Hazzaro,1317,20,712
Namasenda,1318,37,18546
Gno,1319,27,344
Colleen,132,49,43662
Ethan Nathaniel,1320,12,626
Hannu Lintu,1321,24,399
Dunderhonning,1322,2,166
meganeko,1323,46,29808
Consultants,1324,0,8
James Braddock,1325,0,3
Diogo Menasso,1326,0,0
Théodore Paraskivesco,1327,0,0
Jamaica,1328,26,10320
Neeme Järvi,1329,0,0
Nothington,133,32,16344
The Karaoke Channel,1330,38,28472
Eternal Melody,1331,20,3325
Mission Of Burma,1332,41,50851
The Manges,1333,0,0
Sonic Youth,1334,63,760222
Robert Wilkins,1335,9,55
Kamil Bednarek,1336,0,0
Larionov,1337,0,0
I'm Not Sure,1338,9,900
Black MASK Armada,1339,2,117
Royal Philharmonic Orchestra,134,0,0
George Strait,1340,76,2451588
Kids Fuer Kids,1341,1,1178
Jacqueline du Pré,1342,50,44029
Semiramis Pekkan,1343,43,30537
Matiah Chinaski,1344,0,0
Starscream,1345,18,5998
It Could Be Franky,1346,0,33
Don Carlos,1347,0,0
Luccas Carlos,1348,0,0
Miguel Bastida,1349,0,0
Johnny Green,135,0,0
Nick Curly,1350,0,0
멧 Met,1351,0,148
"Everything, Now!",1352,2,248
Nolla Nolla Nolla,1353,5,631
Johannes Brahms,1354,0,0
Dehiro,1355,2,57
Augustus Pablo,1356,50,65789
Omar Varela,1357,70,22072
Thavius Beck,1358,0,0
Otis Taylor,1359,44,45644
Spit For Athena,136,1,135
Magnus Eriksson,1360,55,510
Rominho,1361,0,0
Josiah Williams,1362,23,4577
Feroz Israel,1363,11,48
Kay Cola,1364,0,0
Miley Cyrus,1365,0,0
Leroy Anderson,1366,42,7209
London Symphony Orchestra,1367,0,0
Gary Primich,1368,18,2761
Richard Judge,1369,0,0
Reiki Healing,137,9,77
NAGE,1370,17,329
鄭興,1371,39,14947
Dusty Springfield,1372,69,311533
河内宙夢&イマジナリーフレンズ,1373,0,34
Herbert von Karajan,1374,70,119473
Killing Touch,1375,7,796
Bluegrass Gospel Project,1376,21,4603
Lyndsi Houskeeper,1377,8,385
Youth Allowance,1378,0,0
Meek1one,1379,16,223
Dance STASH,138,36,14040
Lee Brice,1380,75,1486628
Ycee,1381,54,141609
Philip Langridge,1382,0,0
Casiio,1383,0,0
Rainer Weichhold,1384,0,0
Academy of Ancient Music,1385,64,28472
Robin Jeffrey,1386,45,184
Yak-Mag,1387,15,859
Erland & The Carnival,1388,16,3145
RR,1389,0,0
Besu,139,0,62
Denilson Rolling,1390,10,174
Emelie Hollow,1391,0,0
teddy<3,1392,44,6587
Alaine,1393,0,0
Gonzo Republic,1394,0,41
Baby Lullaby,1395,0,0
Pat Powell,1396,0,0
The Extrangers,1397,4,342
Clark Terry,1398,41,18293
Hendrik Gardener,1399,53,310
Jesse JaYmez,14,13,30
"Emerson, Lake & Palmer",140,55,697726
The Greatest Showman Ensemble,1400,0,0
Yuyi Gouman,1401,0,56
Benjamin Sum,1402,15,362
Blaine Long,1403,8,781
DJ Tunez,1404,57,29254
DJane HouseKat,1405,0,0
Franz Joseph Haydn,1406,61,456909
Peter Seiler,1407,0,0
Gavin Laird,1408,0,8
El Wencho,1409,11,274
Zeroh,141,0,0
William Bhall,1410,0,0
McBain,1411,0,20
Blues Gang,1412,23,8612
Lee Bannon,1413,0,0
Heinz Rögner,1414,0,0
Prince Chris,1415,11,456
Mark Mayu,1416,0,0
French Miami,1417,1,205
Jose Lugo & Guasabara Combo,1418,4,1049
Arturo Puertas,1419,11,270
Farid al-Atrash,142,36,77287
Quatuor Psophos,1420,1,58
The J. Geils Band,1421,62,522400
Francesca Caccini,1422,0,0
Lil C,1423,35,11266
Tahsan,1424,0,0
Papa Wemba,1425,0,0
Middle Kids,1426,57,90117
Distant Horizon,1427,1,51
Perlseer Dirndl,1428,0,0
Sean McCue,1429,2,45
Polo Montañez,143,56,37768
Kathy Phillips,1430,8,288
Pilsen Radio Symphony Orchestra,1431,17,440
Dal Bouey,1432,0,6
Ameritz - Karaoke,1433,31,12042
AsafeMc,1434,0,66
Carolina Story,1435,31,3930
Liricistas,1436,51,115949
Reinhard Goebel,1437,0,0
Oliver! - 1994 London Palladium Cast,1438,11,9383
Berlin Radio Orchestra,1439,16,32
Overkill,144,49,372694
Hörspiele,1440,1,3387
Virginia Woolf,1441,25,1977
Ashley Wylde,1442,0,208
Grupo Amigo,1443,14,323
Beth Orton,1444,47,101511
Olivier Messiaen,1445,0,0
unitrΔ_Δudio,1446,20,3135
Denitia,1447,36,3714
Mathias Kom,1448,22,393
Bri Ray,1449,16,639
Hermit Thrush,145,0,3
Comment Band,1450,6,1461
"Royce Da 5'9""",1451,0,0
BDAA Convention 2010,1452,0,10
Mighty Mongo,1453,5,705
Escarlata,1454,27,2577
Psychic Friend,1455,16,988
Windmill Ballistic,1456,0,0
SweClubberz,1457,23,577
Diana Haddad,1458,0,0
Martin Landsky,1459,0,0
Joe Kieres,146,0,12
The Bickersons,1460,0,0
Sylvia Stahlman,1461,10,23
The Barnes Family,1462,24,9624
*NSYNC,1463,0,0
Giovanni Bononcini,1464,0,0
JOE HISAICHI,1465,0,102
18sense,1466,0,27
Pavel Roth,1467,20,979
Nazareth,1468,62,886897
Heribert Brandt,1469,0,0
森島はるか(CV:伊藤静),147,9,229
Moderator,1470,52,41404
Vladimirska,1471,3,271
Michelle Beauchesne,1472,24,940
Wilhelm Stenhammar,1473,29,3675
Dazadi izpilditaji,1474,14,925
Moussier Tombola,1475,0,0
Datamatros,1476,13,479
Luca Flores,1477,10,723
Dave Weckl,1478,40,55560
New Age Healers,1479,3,283
Big & Rich,148,62,903283
Synanthesia,1480,0,0
Neanderthal Youth,1481,1,57
Raphael Gualazzi,1482,0,0
Atahualpa Yupanqui,1483,0,0
Patriarchy,1484,25,1333
Lil Yachty,1485,82,7065865
Miracle Music,1486,20,784
Scott Morton,1487,14,440
Nitepunk,1488,0,0
Foreigner,1489,73,1937629
菊地成孔DCPRG,149,16,3558
Deem,1490,0,0
Ken Boothe,1491,0,0
Choir and Orchestra of the Red Army,1492,0,109
Alexander Lazarev,1493,0,0
Jordi Castillo,1494,0,0
Dmitry Yablonsky,1495,49,391
Squeeze,1496,56,212930
Teška Industrija,1497,0,0
Erkki Liikanen,1498,0,0
Johnny Cash,1499,0,0
Kidd Dash,15,1,102
Piano Bar,150,32,5828
Jean-Christophe Spinosi,1500,0,0
Lakim,1501,50,17885
Extraterrestial,1502,8,2083
Foka,1503,0,0
ВУЛЬФ,1504,30,1733
Signal for Pilot,1505,0,51
Harley Poe,1506,51,59710
E=mc,1507,24,8289
The Clean,1508,40,27354
Vex Ruffin,1509,28,3980
Hohenaschauer Musikanten,151,0,0
Robert Lewis Stevenson,1510,0,56
Zerb,1511,46,12865
Felix Mendelssohn,1512,0,0
Black Monolith,1513,3,1003
Yassin,1514,32,1654
Sovereign Grace Music,1515,58,96192
Márcio Faraco,1516,0,0
Antonín Dvořák,1517,0,0
Gamelan Of Munduk Village,1518,4,48
Anna Tomowa-Sintow,1519,0,0
Locksmith,152,0,0
Warhelo,1520,15,458
Gus Cannon,1521,0,0
MC Killer,1522,29,4975
AC/DC's Greatest Tribute Band,1523,10,1122
Montserrat Caballé,1524,0,0
Yoga Goa,1525,0,0
Shattered Sun,1526,23,13951
Anna Lelkes,1527,5,46
Sheepray,1528,0,0
Ivar Bjørnson & Einar Selvik,1529,44,39493
Buddah Bass,153,3,162
Bubu (BREAKS),1530,4,130
Chris Viola,1531,37,5933
Atom,1532,0,0
Satl,1533,0,0
Steely Dan,1534,72,1347495
Slice The Cake,1535,33,18610
Gilberto Daza,1536,50,41445
Rugburns,1537,13,919
Walter Ostanek,1538,25,727
Passion,1539,0,0
Damaged Bug,154,37,18309
Bastian,1540,8,935
Jenni Vartiainen,1541,0,0
Adam Lambert,1542,67,1185825
Angie Miller,1543,10,4945
Thomas Hampson,1544,0,0
Amon 525,1545,28,262
Jojo Baby,1546,6,68
Jane Coop,1547,18,297
Shyam Babu Pathak,1548,0,3
Gregory Isaacs,1549,60,390534
El Parque,155,28,9011
Rain,1550,0,12
Synthesizer,1551,0,0
La IBI,1552,49,58865
Cloud Cult,1553,0,0
Festive Fever,1554,0,35
Roy Ayers,1555,56,155005
TrūVillain,1556,0,13
Ramana Vieira,1557,0,44
RUMTUM,1558,23,2204
Ernest Ranglin,1559,51,40262
Tiago M.,156,0,0
John Siderius,1560,0,18
Yves Abel,1561,33,68
The Epitome Of Sound,1562,22,289
Neulore,1563,32,9178
Mario Canonge,1564,19,1998
Tito Puente,1565,0,0
Konono N°1,1566,26,10118
Crimson Sun,1567,27,4095
Top Floor,1568,20,1084
Igapó de Almas,1569,11,506
Jan & Dean,157,47,68589
Third Eye Blind,1570,69,1109496
Chicago Symphony Orchestra,1571,0,0
Carleen Anderson,1572,0,0
Black Box,1573,56,82399
Trezo,1574,17,646
Front De Cadeaux,1575,9,585
Redrum Alone,1576,3,250
Musica para Meditar,1577,39,19087
Berliner Philharmoniker,1578,74,138307
Sean Chambers,1579,23,3143
Quatuor Morphing,158,3,184
UMSY,1580,22,391
Hayes Carll,1581,52,91122
Martín Benavides,1582,30,4690
Eli Maxwell,1583,0,8
Polly Noise and The Cracks,1584,0,41
Glenn Cardier,1585,3,137
Twista,1586,0,0
Brooklyn Bounce,1587,0,0
Arkitekt,1588,0,0
Samantha Tate,1589,1,0
Bantam Lyons,159,10,638
Original Studio Cast,1590,1,153
Erica Jennings,1591,0,0
The Pussycat Dolls,1592,0,0
Sean Nicholas Savage,1593,40,28514
Afrocandela,1594,10,159
Remedy Drive,1595,30,19788
Nina Rao,1596,0,0
BukkCity,1597,0,20
Amero,1598,48,776
Uni/Vs,1599,14,2598
Marcos Vidal,16,56,256494
Nitroglitch,160,25,3708
Mixmash Bold,1600,28,61
Rhodri Davies,1601,0,0
Tim Buckley,1602,51,159855
Oscar Peterson,1603,61,175722
Arkady Severny,1604,24,5011
Deluded,1605,1,22
Sizzortail,1606,7,576
Tony Ballard,1607,44,4939
Strain,1608,9,1353
Karl William,1609,46,20992
Creedence Clearwater Revived,161,26,3858
Vakula,1610,29,7786
Miles Davis Quintet,1611,54,223477
Jacques Rouvier,1612,30,466
Mmoss,1613,9,1851
Twentyinchburial,1614,0,247
Hubert von Goisern,1615,44,53612
Drianu,1616,27,3659
Dat Gurl Netta,1617,7,139
WARYKID,1618,22,176
Medina Azahara,1619,0,0
Los Pacheco Bros,162,13,178
Treze Black,1620,1,724
Hærken,1621,0,232
Natasja,1622,58,32788
Takao Horiuchi,1623,26,8204
Bavarian Radio Symphony Orchestra,1624,0,0
Velasco,1625,0,0
Kev Scott,1626,0,19
Nicolas Kanza,1627,22,441
David Sánchez,1628,16,2990
Vanessa Williams,1629,0,0
Lethian Dreams,163,23,9866
VIVOMUERTO,1630,1,66
Alex Acosta,1631,0,0
Depeche Mode,1632,77,3792607
Ebony Pendant,1633,9,512
Country Dons,1634,50,16995
The Hit Crew,1635,45,13115
The Pussycats,1636,19,2135
Rudolf Escher,1637,6,110
Skycru,1638,10,35
DJ Nick,1639,0,0
MCP Sysilia,164,10,296
Daniel Barenboim,1640,0,0
UnorthodoxX,1641,0,0
Helen Watts,1642,0,0
Paul Quinichette,1643,17,389
Laura Farré Rozada,1644,6,90
Kenny Håkansson,1645,0,0
Patrik Isaksson,1646,40,18652
The Meteors,1647,44,52161
Coral Jovem de Curitiba,1648,4,1948
Nasari,1649,3,453
We Used to Pray,165,0,355
Guy Schalom,1650,5,387
Sadman,1651,2,305
Dubdiver,1652,0,0
Helmut Walcha,1653,28,3676
Shadow Community 그림자 공동체,1654,28,2858
Lana Klingor,1655,0,33
Sayag Jazz Machine,1656,14,2938
Mark G Banks,1657,0,3
Choeur de l'Opéra de Bordeaux,1658,3,4
Threats,1659,0,0
Louden Swain,166,0,0
Angelspit,1660,36,32344
FNDTY,1661,7,184
Martin Castillo,1662,58,224332
Ross King,1663,28,2833
Vineyard Worship,1664,0,0
Fuzz Townshend,1665,3,250
Presuntos Implicados,1666,0,0
Jungle P,1667,0,17
Deborah Coleman,1668,28,7919
Astor Piazzolla,1669,0,0
Message to Venus,167,3,982
Maura Sullivan,1670,0,9
Junkyard Band,1671,0,0
Dai Jones,1672,1,21
Jon Christopher,1673,0,3
Roger,1674,0,0
Maffi,1675,17,242
David Longoria,1676,46,52053
Gojix,1677,36,422
Karl Blau,1678,40,16693
Urshan College,1679,0,0
Blick Bassy,168,0,0
Mackenzie Keefe,1680,0,0
BOg,1681,0,0
Jon Wolfe,1682,50,45606
Fridge Poetry,1683,0,31
Osamu Fukuzawa,1684,25,289
"Univercity, Dominic Lord, Kid Ink",1685,0,22
Zouk Machine,1686,42,17213
Fred Waring,1687,15,431
Marmy,1688,60,393
Filipe Ret,1689,75,1608778
The Stanley Brothers,169,0,0
Joe Cuba Sextet,1690,50,38723
3Plusss,1691,38,33014
Zeev Dorman,1692,0,0
Nightmare Fortress,1693,4,833
Kali,1694,56,233107
Sai Karthik,1695,0,0
Benzfinesse,1696,0,7
Vince Guaraldi,1697,0,0
Sharon Kenny,1698,0,0
Anna St. Louis,1699,30,9077
SikTh,17,37,54545
Amos Lee,170,64,382478
The Ugly,1700,7,1734
Andrew Huang,1701,0,0
Keala Settle,1702,0,0
"Ансамбль ""Четыре брата и лопата""",1703,11,7
Baba Sehgal,1704,0,0
Dialog Senja,1705,51,126196
Holiday,1706,0,0
Dr. C.J. Johnson,1707,9,443
Igor Stravinsky,1708,55,260679
Bohemia Suburbana,1709,45,38411
Starz & Deeza,171,15,594
La SongoMania,1710,19,133
Abdeljalil El Mokhtari,1711,0,0
Salserin,1712,51,165458
De Vet Du,1713,50,87233
Bullet For My Valentine,1714,71,2287697
Anthony Lobianco,1715,0,2
Aafke Romeijn,1716,32,3535
Sam F,1717,36,8049
Factotem,1718,0,130
Blood Groove & Kikis,1719,0,0
Collection Spirit Of Zouk,172,0,1
Darkthrone,1720,48,199438
宣萱,1721,21,69
Janna Gandelman,1722,0,0
Adam Gardino,1723,16,45
Elly Ney,1724,8,380
Anthony B,1725,0,0
Arctic Monkeys,1726,88,11400130
Arne Aano,1727,0,0
Bukez Finezt,1728,23,9859
Roman Ricardo,1729,0,11
Chilly Gonzales,173,0,0
dj shoot,1730,0,0
Somethin' Smith,1731,3,37
FKY,1732,0,0
Bzabza,1733,9,501
Relight Orchestra,1734,0,0
REGALILIA,1735,1,214
Darkness Enshroud,1736,1,228
The English Christian Hymnal,1737,0,511
World Sketch,1738,8,605
Jen Libby,1739,35,180
The Fragmented & Complete,174,0,7
Wilhelm Stross,1740,0,0
Jeroen van Veen,1741,0,0
The Song Hut,1742,1,20
Héctor Lavoe,1743,67,998209
Matt Hutchison,1744,8,79
Desiigner,1745,0,0
Neev Kennedy,1746,0,0
Sick Puppies,1747,61,691184
Errabyss,1748,6,707
Clyde P,1749,0,0
Planet Patrol,175,34,12568
Yavaran,1750,2,53
Liederlicher Unfug,1751,3,228
Heilung,1752,57,294853
Rivera Santos,1753,1,643
issAnjel,1754,13,312
Blue Magic,1755,44,152338
ธันวา ราศีธนู อาร์ สยาม,1756,21,4551
Mayra Andrade,1757,56,133849
The Once,1758,0,0
Marie-Nicole Lemieux,1759,0,0
Violent Femmes,176,61,484830
Ray De La Paz,1760,39,16899
Drauf & Dran,1761,0,0
The Idea of North,1762,24,5639
Rachael MacFarlane,1763,18,2797
Conkarah,1764,0,0
Nordpolen,1765,25,2517
Hans-A-Plast,1766,22,3109
TELYKast,1767,60,20446
Björk,1768,65,1330744
Chanel,1769,30,1102
Oguz Aksaç,177,42,57638
Dierks Bentley,1770,73,2474744
Bartholdy Piano Quartet,1771,12,64
Vitório,1772,41,775
Courtnay Deyon Holiday,1773,1,0
Made Out Of Babies,1774,20,9904
Kush Kelz,1775,12,816
Mark Porkchop Holder,1776,10,889
Jascha Heifetz,1777,44,43989
Erik Santos,1778,0,0
American Dreamer,1779,7,257
melZebra,178,0,10
Laz Kızı Ayşen,1780,2,1393
Wim Mertens,1781,51,82427
Shift from tha 902,179,3,155
Bober,18,44,10193
Nino Rota,180,57,74428
LiL Drew,181,0,0
J-Min,182,17,8056
Armin van Buuren,183,0,0
David Temessi,184,0,0
Jay Kalyl,185,0,0
Lion,186,0,0
Susan Chan,187,8,55
Gabriel Ries,188,0,104
Moto Boy,189,31,10287
Lou Elliotte,19,47,1475
Kai Meyer,190,55,12387
J. Allen Spence,191,0,2
Dave Grusin,192,0,0
Jamison Strain,193,0,483
Mike and the Moonpies,194,42,13569
Know,195,0,48
Teddy Wilson,196,0,0
JFT,197,1,70
Landon Ronald,198,11,30
Roberto Torres,199,45,23635
Ludwig Hoelscher,2,6,41
Cuencos Tibetanos,20,40,18071
GroupXremixers!,200,27,662
Edinburgh,201,20,16
AirMaxxx,202,0,3
H.O.S.T,203,20,2617
Moscow Symphony Orchestra,204,36,8464
Rock the Cradle,205,19,397
Nitrous Oxide,206,0,0
Alberto Plaza,207,49,200012
Tom Krause,208,0,0
The Radio Dept.,209,0,0
Adamastor,21,0,0
Jay Stansfield,210,0,115
Myon & Shane 54,211,0,0
90 Grad,212,7,233
S.M.E.S.,213,8,1462
Circle,214,0,0
Yölintu,215,0,0
Dre.trav,216,0,0
Tenebrae,217,0,0
7AE,218,35,5803
Jason Vieaux,219,0,0
The Village Stompers,22,0,0
Richard Egarr,220,45,3558
Potsherds,221,1,20
The Sun and the Sea,222,2,483
The Talleys,223,0,0
Leonard Slatkin,224,0,0
Anri,225,58,117915
Nadeem Shravan,226,0,0
Trance Power,227,0,28
Gary Lewis & The Playboys,228,43,92765
Claire Deak,229,10,62
Fragoso,23,2,46
"Sorry, Scout",230,0,155
Bretten Low,231,0,23
Specimen,232,0,0
ДДТ,233,52,322657
Mojito Lite,234,36,37557
Tenore di Bitti,235,0,79
Kevin Irving,236,0,0
Whipstriker,237,16,5076
Chase Flow,238,11,44
William Stromberg,239,24,185
Bridget Marsden & Leif Ottosson,24,2,179
Fakir,240,1,11
Jessye Norman,241,0,0
Antagon,242,23,7385
Possessed,243,37,114084
Lange,244,0,0
Grafa,245,0,0
Paolo Martini,246,24,1617
An Honest Mistake,247,12,991
KOPS,248,42,9125
Claude Starck,249,0,0
Capitol 1212,25,22,819
Tim Easton,250,21,3384
New Philharmonia Orchestra,251,0,0
Marc Raymond,252,30,843
DMITRY HERTZ,253,38,1441
Chaotic Hostility,254,0,0
Franz Liszt,255,0,0
Mohammad Seddiq Al Menshawi,256,23,2946
Stein Ingebrigtsen,257,32,2426
Black Grape,258,40,60123
Sharon Rostorf-Zamir,259,4,94
Italian Social Club,26,0,7744
Rosita Cajamarca,260,14,874
Kris Drever,261,0,0
Splash,262,0,0
The Sapri Mandolin Ensemble,263,0,0
Pia Fraus,264,0,0
Molotow Soda,265,18,3584
Dillaz,266,51,147089
Jeffrey Hunt,267,0,0
Kracker Daddy,268,8,157
Marihiko Hara,269,29,3415
Diana Amarilla,27,10,4421
Kaleidoscope,270,0,0
Wilfred Brown,271,0,0
Erna Tauro & Bo Andersson,272,7,130
Tomoya Naka,273,27,3463
Koma Denge Azadi,274,28,15778
Luiz Bonfá,275,58,43226
SHUSH,276,37,7129
Knxwledge,277,64,141107
The Golden Gate Quartet,278,0,0
JPLS,279,0,0
Taito,28,0,0
Brandon Flowers,280,0,0
DāM-FunK,281,0,0
Johann Wenzel Kalliwoda,282,0,0
Sherrie Shepherd,283,26,698
José Carreras,284,0,0
Nobot,285,17,2327
Carlos Sarabia,286,43,33052
Jules Massenet,287,0,0
The Mahones,288,40,28802
lachica,289,1,199
Jeroen Weierink,29,8,12
Jinsu,290,15,1483
Truckstop Darlin',291,3,421
Bishop Nehru,292,0,0
Chantal Chamberland,293,0,0
Fathoms,294,7,1379
Tina Malia,295,0,0
Lantlôs,296,34,32852
Afunika The Eye Of An Eagle,297,0,27
Lizzy Parra,298,51,37067
Ramones,299,70,2022036
Ziggy Rex,3,0,46
Turbulence,30,0,0
Clifton Williams and the Blue James Band,300,0,26
CASSIMM,301,0,0
Алсу Абульханова,302,4,380
Berlin Singakademie,303,16,30
Flatbush Zombies,304,66,987170
Gorgoroth,305,43,177281
Dewa Budjana,306,33,12364
Sarah Khan,307,0,32
Polo,308,27,507
Nathaniel Knows,309,0,0
Noya,31,0,0
Royal Jake,310,0,40
Paul Van Arsdale,311,0,12
A Minor Swoon,312,9,591
Friman,313,44,2606
Bryan Duncan,314,35,20054
Allison Moorer,315,40,20850
Ziza Fernandes,316,43,65939
The Acorn,317,0,0
Layne Ide,318,0,0
"Choir of St. John's College, Cambridge",319,35,5988
Serenity,32,1,5
Kammerorchester Basel,320,0,0
The Esoteric Circle,321,0,0
Na Proa,322,5,255
Billo Frómeta & His Caracas Boys,323,0,47
Ensemble Matheus,324,0,0
Lil Keke,325,56,253323
EA Games Soundtrack,326,52,60462
Rumbantela,327,4,131
Nosso Sentimento,328,47,556566
Watermelon Slim,329,0,0
REBEL YELL,33,7,807
Johann David Heinichen,330,30,922
Hardkandy,331,40,10011
Daraa Tribes,332,13,1311
Luis Felipe Gonzalez,333,0,0
Resonanz Kreis,334,34,2185
Buyepongo,335,24,3037
Sene,336,0,0
Tadeo Fernandez,337,36,5726
Orchestra Studio 7,338,7,22
Southern Culture on the Skids,339,41,24277
Mice Parade,34,24,11560
Jason Chen,340,58,146443
Flatt & Scruggs,341,45,41814
Jomy Galan & Alex Tega,342,0,58
Dancefire,343,3,36
Carla Bozulich,344,0,0
Josh One,345,0,0
Familjen,346,50,37921
Jacques Hélian et son Orchestre,347,0,0
Rafael Kubelik,348,0,0
Gazpacho,349,39,39443
Philharmonische Vereinigung Arte Sinfonica,35,0,0
Giuseppe Verdi,350,63,463518
Jo Stafford,351,0,0
Black Ice,352,0,0
Joules Graves,353,5,349
RAINASH,354,8,660
Guther,355,11,1786
Cafe Les Costessey Club Dj Chillout,356,22,310
Urpo Pylvänäinen,357,0,5
Paata Burchuladze,358,0,0
St. Theodore,359,0,0
Project Pat,36,63,478535
Gametightelectro,360,0,10
Bokomolech,361,2,537
GOH,362,0,15
Barry Morgan,363,0,0
Paul Cook and The Chronicles,364,21,1305
Hafez Nazeri,365,30,4335
Eric Benét,366,55,477599
2NE1,367,0,0
Chatham Baroque,368,22,767
Sonicflood,369,0,0
MYNGA,37,43,21784
G-Mo Skee,370,0,0
Perunwit,371,3,110
Project Creation,372,0,75
El Da Sensei,373,0,0
Persia Grai,374,26,570
The Anniversary,375,0,0
Joe Sarnataro E I Blue Stuff,376,11,760
Studio Musicians,377,35,3320
Kool Skull,378,1,99
Sr. Agente,379,0,48
Shirley Bassey,38,0,0
Doug Peters,380,0,0
Subsonics,381,10,1567
Yunginky,382,13,13
Matt Hopper,383,4,297
Rising Core,384,0,112
The Velvet Underground,385,69,1310191
Deluxe Hip Hop I Dont Really Care Karaoke,386,0,151
Vahid Asadollahi,387,0,0
Richard Goode,388,29,2989
I’LL BE DAMNED,389,14,1364
Lauren Fairweather,39,13,1760
Éliane Radigue,390,18,11192
The George Kaplan Conspiracy,391,39,5168
Cheshire,392,0,0
Die Nacht der Musicals,393,15,574
Herbie Flowers,394,10,407
Heksebrann,395,2,69
Carl Maria von Weber,396,42,35589
Pete Seeger,397,49,118597
Juno Reactor,398,0,0
Sevensensis,399,0,13
Amadodana Ase Wesile,4,36,17189
Leyenda,40,8,3781
Sapir Amar,400,51,4005
Collapsis,401,7,601
Lorn,402,58,218647
"Leipzig Radio Chorus, male section",403,0,0
Will Butler,404,0,0
Buddy Rich,405,46,92908
Joell Ortiz,406,0,0
Andru Markel,407,6,896
Lil Shawn,408,0,0
The Kiboomers,409,70,21875
Tre Aces,41,32,196
George Frideric Handel,410,0,0
PhonJaxx,411,0,0
La Mar-K De Tierra Caliente,412,49,35140
Cody Francis,413,53,15043
Kalpana Patowary,414,0,0
Luix Spectrum,415,0,4
Lord Invader,416,26,2529
Lockbox,417,0,0
Ruben Seroussi,418,0,10
The Outlaw Orchestra,419,8,579
Maïdi Roth,42,0,0
Palace,420,0,15
Mc Brinquedo,421,59,709165
Naked Fish,422,5,668
The Trio,423,9,221
Música de Ninar,424,59,16645
Vincent Ingala,425,46,6648
Mikha Angelo,426,42,9706
Traditional,427,0,0
Yeah 3x,428,0,199
Aj Jordan,429,17,2253
Forgotten Tropics,43,0,67
Ayo Jay,430,55,65793
Anika Rizvi,431,0,0
Nostradameus,432,17,5808
TV Players,433,16,447
Death Threat,434,25,4622
Black Whales,435,0,0
A.M.R,436,0,0
Xinobi,437,0,0
Janet Hilton,438,10,66
Dastic,439,0,0
JetLab,44,0,3
Dead By Wednesday,440,9,1174
Sp Deville,441,29,2578
Hercules & Love Affair,442,0,0
Kaley Caperton,443,0,53
The Bach Choir Of Bethlehem,444,14,116
NewSpring Worship,445,25,8972
Brother Andy & His Big Damn Mouth,446,0,70
Wisin & Yandel,447,0,0
Eliza Gilkyson,448,0,0
Harryson,449,0,0
Jordan Merrick,45,24,1259
Idlewild,450,0,0
Yevgeny Svetlanov,451,0,0
Dietrich Knothe,452,0,0
Atomic Beats,453,3,141
El Otro Grupo,454,4,758
Allen Ginsberg,455,25,13457
Doldrums,456,0,0
Teddy Geiger,457,44,32946
Dan Schwartz,458,2,110
George Gershwin,459,57,208948
Christopher Keyte,46,15,15
Habstrakt,460,57,91295
Billie Holiday,461,0,0
John Valenti,462,0,173
PhonopsychographDISK,463,1,257
Gino Bechi,464,15,681
URBEM,465,0,99
2Pac,466,83,10242289
Cryptic Slaughter,467,29,24904
Johan Arnell,468,0,0
Las Abejas,469,6,1258
So Many Dynamos,47,14,2546
DJ Kim,470,0,0
The Scutches,471,8,921
Evvol,472,10,1475
Sandrine Piau,473,43,8232
Peder,474,0,0
Winterdome,475,1,131
Affasia,476,0,89
Exam Study Classical Music Orchestra,477,0,0
Coloura,478,0,141
Caliens,479,1,90
Rome Fortune,48,43,18100
Kehell,480,0,20
Donae'O,481,0,0
Buddy Johnson,482,0,0
Music Junkies,483,28,5909
Marc Suun,484,0,0
Bluefelt,485,0,92
Spencer McGillicutty,486,1,57
András Schiff,487,56,35766
Mike Candys,488,66,156371
The Sufis,489,8,1468
Travis Teel Page,49,0,112
Florecitas de Mizque,490,0,55
Ave Negra,491,8,1903
Greg Funfgeld,492,14,35
Kel,493,0,0
Frank Turner,494,0,0
Cashae,495,42,8194
Música Clásica Para Bebés,496,60,15184
Branko Stojanov,497,0,33
Cambridge,498,26,660
Morgan Delt,499,0,0
Massimo Claus,5,13,742
Marley Marl,50,0,0
Elias & The Wizzkids,500,7,517
ABK,501,0,0
Brandt Brauer Frick,502,0,0
Sham 69,503,41,91454
Bassfinder,504,0,0
Bread & Wine,505,29,2680
Lamberto Gardelli,506,39,353
Johan S,507,0,0
Pavol Hammel,508,0,0
Patrick Dopson,509,29,4231
go!go!vanillas,51,52,130829
"Kundalini: Yoga, Meditation, Relaxation",510,47,63675
Orchestra Mandolinistica Italiana,511,22,98
Heart Harbor,512,0,42
Wild Colonials,513,0,0
Young Lewis,514,0,8
Thee Cool Cats,515,28,7069
Judejo Musicapromundo,516,0,25
Bocafloja,517,41,51961
Sam & Dave,518,61,234996
Bathysphere,519,8,211
Seems Like Yesterday,52,12,1622
The Broadways,520,18,3695
Mae Klingler,521,2,195
Pezdragon,522,0,70
Marty Dread,523,0,0
Gian Luca Lastraioli,524,15,49
Georges Bizet,525,0,0
Nelson Herrera,526,13,5832
Soulja Boyz,527,5,63913
Songs for Cinema,528,12,407
Dwayne Dopsie,529,7,1006
Claire Chevallier,53,6,68
Rocketship,530,0,0
Emmanuel,531,72,1466451
R.L. Burnside,532,47,87260
Geda,533,0,27
Buzzcocks,534,56,308874
Alfred Newman,535,31,3850
Henry Mancini,536,0,0
Hollywood Bowl Pops Orchestra,537,0,1
Elane,538,0,0
06R,539,0,0
Spacemono,54,0,45
Cheiro de Amor,540,48,145296
Ansambel bratov Poljansek,541,0,0
Leehom Wang,542,60,440373
Pablo Arellano,543,17,2317
Will Sonic,544,0,0
Funky Destination,545,40,17402
Iner,546,22,51
Mr Huw,547,2,169
Obgon,548,0,0
Philippa Davies,549,0,0
King Diamond Tut,55,0,41
Demon Divas,550,21,541
Soul.E,551,13,192
Bengt Forsberg,552,0,0
Medu$a,553,7,177
The Revival,554,35,1606
10rogue,555,0,87
Curtis Young,556,0,0
Darren Styles,557,0,0
"Medeski, Martin & Wood",558,47,92162
Eileen Farrell,559,0,0
Dope Stars Inc.,56,38,21760
Alma,560,14,1173
Concertgebouworkest,561,59,35671
Locarno,562,5,186
The Fureys & Davey Arthur,563,0,0
Con Vos,564,0,173
Vincent Vallières,565,0,0
The Futures League,566,8,429
LTN,567,0,0
Cassio Monroe,568,26,1210
Marcel Saegesser,569,0,10
Hiretsukan,57,0,0
Quatuor Ysaÿe,570,0,0
Larry The Cable Guy,571,44,46908
Bossikan,572,47,4137
Steven Halpern,573,60,41437
Vinson Cole,574,0,0
Franklin Rodriques,575,0,0
The Dream All Stars,576,31,298
Dikc Squad,577,0,11
Bappi Lahiri,578,58,308148
What Child Is This,579,0,183
Unkwon,58,3,485
The Wiggles,580,72,135768
Tai Verdes,581,67,123720
Re-Style,582,0,0
Mario Rusca,583,0,0
Jaime Y Los Chamacos,584,40,34240
The Gathering,585,45,97647
Last Japan,586,0,0
Cabaret Voltaire,587,38,67774
Beto Quintanilla,588,63,512424
Habib Koité,589,0,0
The Sound Reasons,59,0,80
Matt Brewer,590,22,1182
Ninth House,591,0,61
Leonard Bernstein,592,0,0
slsd,593,18,1657
S.H.E,594,57,351505
Bertie Scott,595,51,393
Iszkiri,596,29,551
Forever Cadence,597,3,420
Los Chikos del Maiz,598,55,112449
Def Davyne,599,15,330
Petit Pays,6,33,7806
Sefa,60,0,0
Japan Philharmonic Orchestra,600,0,0
Ernie Smith,601,0,0
Hayden Thompson,602,23,2427
Janitra Satriani,603,25,3919
Tashaki Miyaki,604,0,0
Nightwish,605,70,1584602
Cafe Les Costes Club Dj Chillout,606,24,8580
Mackenzie Gioví,607,52,4
Cliff Richard,608,61,235809
Simon James,609,0,0
Agent Sasco (Assassin),61,0,0
Los Plastics Revolution,610,33,14883
Παιδί Τραύμα,611,24,1392
Vox Clamantis,612,34,1651
Spaceplanet,613,0,0
Greater Vision,614,0,0
Trevor Horn,615,0,0
Anand-Milind,616,56,47914
Orchestre du Théatre National de Prague,617,17,18
Jana Kramer,618,53,373193
God Of Nothing,619,27,7687
Workout Heroes,62,16,589
Kjell Alinge & Janne Forssell,620,8,247
Paul Esswood,621,0,0
Upchurch,622,76,899591
Dawkins & Dawkins,623,25,11785
Christian Scott aTunde Adjuah,624,49,108591
Dominic Balli,625,0,0
Workout Remix Factory,626,0,0
Antonio Vivaldi,627,0,0
Alexandra Savior,628,53,109326
Dr. Relax,629,19,291
The Little Dippers,63,30,376
Grupo Limite,630,60,209427
Mat McHugh,631,0,0
Jelle,632,25,661
Woolymammoth,633,16,5597
El Piporro,634,52,205067
Georgia Anne Muldrow,635,0,0
Voreal,636,2,330
DD Adriano,637,0,1
Spektral Quartet,638,17,772
Anil Shahi,639,2,69
El Chuape,64,36,72524
Roxette,640,75,1403945
Glacia Robinson,641,0,0
Leecher,642,0,0
Winter Of Apokalypse,643,0,33
Jai Daytona,644,0,95
Portraits of Past,645,19,6041
Double Ksba,646,0,4
White Rabbits,647,34,28323
Johnny Yono,648,0,0
Vic Mars,649,0,0
Oregon Mandolin Orchestra,65,0,18
Dhyana Thomas,650,42,157
Girugamesh,651,42,71560
La Dinastía de Tuzantla Michoacán,652,58,101031
Enrico Caruso,653,0,0
Moa Felicia,654,0,4
Lucio Bukowski,655,0,0
J-Ron,656,0,0
Joyce Muniz,657,0,0
Jeff Espinoza,658,1,133
The Vineyard Sound,659,9,481
The O'Neill Brothers Group,66,64,17000
Tom Trago,660,39,16530
Hélène Tysman,661,30,160
Simon Preston,662,0,0
Ostolaza Eta Pujana,663,1,102
Misel Quitno,664,1,375
Boges,665,30,542
Manja Ristić,666,1,93
Odetta,667,47,51601
Ludwig van Beethoven,668,0,0
Anatole Fistoulari,669,0,0
Petrique,67,0,0
Mason Lively,670,39,1761
Henry Jamison,671,59,61199
SGX,672,11,1139
Eleanor Beale,673,0,44
Mr. Mitch,674,0,0
Racoon Racoon,675,40,10266
Fake Remedy,676,0,0
MC Bruna Alves,677,51,107364
Mordechai Ben David,678,0,0
La Casa Azul,679,0,0
Runrig,68,50,58588
Skirt Jones,680,0,4
Nick Muir,681,0,0
Brett Harris,682,0,0
Kip Bradley,683,0,48
Jerry Lee Lewis,684,61,563436
Tony Dupé,685,8,8
Jaan-Eik Tulve,686,38,227
Roddy Woomble,687,0,0
Riff Raff,688,58,161033
The Refreshments,689,0,0
Casket of Cassandra,69,0,233
Nunca Fui a un Parque de Diversiones,690,5,736
Dr. John,691,58,188974
Suckapunch,692,7,271
Canciones Y Cuentos Infantiles,693,25,3838
FisikaMatematika,694,1,100
Bobby Wills,695,31,10804
baby lotos,696,3,50
SESS,697,0,0
Greensky Bluegrass,698,56,148868
Piranha Rama,699,3,224
Espinoza Paz,7,69,1935139
Mark Wills,70,54,234928
Popup,700,2,129
Anklebreaker,701,0,0
Sylvain Sturn,702,0,18
Vilma Colling,703,3,177
Meditazione,704,7,368
Carl Peterson,705,21,656
Keith Duncan,706,2,176
Alma Sinti,707,28,913
beabadoobee,708,78,701686
Les Baxter,709,46,21942
yoshinori takezawa,71,18,1745
Wiener Singverein,710,0,0
Anonymous ,711,0,0
Shedly Abraham,712,30,2985
Briggs Cohen Marangoni,713,0,114
P9d,714,24,7597
The Corries,715,44,19770
Tenor Fly,716,0,0
Lowland Hum,717,43,11580
DJ Don Cannon,718,9,327
Timeless Oceans,719,0,61
Rummelsnuff,72,0,0
Kai Exos,720,14,417
G-West,721,15,85
Junior Boys,722,40,71898
STL,723,0,0
Sir David Willcocks,724,0,0
Fish Leong,725,0,0
London Festival Orchestra,726,0,0
Quinn XCII,727,79,623463
REI,728,0,0
Rameez,729,0,0
¿Aú?,73,1,18
Anger 77,730,5,172
Solly,731,2,83
Fernando Alvarez,732,18,472
J. Brodersen,733,0,32
Garcia,734,0,0
John Archambault & David Plummer,735,24,91
WALKEN,736,20,1311
Voices From The Fuselage,737,31,13204
Elizio,738,33,11791
Bastards of love,739,0,21
Baxter Dury,74,0,0
Asta,740,40,11899
Ali Güven,741,38,12615
Swishahouse / Michael Watts,742,0,425
Singer's Edge Karaoke,743,32,1449
Mask,744,13,20
Darlingside,745,59,43306
Babyfather,746,38,18264
George Guest,747,36,244
Meir Ariel,748,46,114594
In-Defilade,749,0,64
St. Charles Singers,75,0,0
Monster Rally,750,47,39236
Bustakap,751,0,14
Inconscientes,752,25,6588
Alice Cooper,753,69,2466041
MOTOR,754,0,0
Dead Moon,755,42,40711
Friyie,756,39,9082
Kyshera,757,23,538
Anita Lucía Proaño,758,0,0
Tomer Lev,759,0,0
Mauro Mozart,76,0,0
Sebastian Sand,760,0,0
Karl Böhm,761,58,7442
Rochester,762,0,28
Power Music Workout,763,54,37919
Samriddhi Rai,764,17,428
Xotox,765,0,0
High Heels Breaker,766,16,389
Twisted Black,767,22,6526
Gods Will Be Done,768,0,71
Herbert Blomstedt,769,0,0
The Heat Machine,77,2,165
Worship Tutorials Studios,770,0,1863
Andile Ka Majola,771,30,23551
Esbjörn Svensson Trio,772,50,100326
Emile Haynie,773,36,12010
Re Teu,774,0,181
Stefan Parkman,775,18,40
Poncho Sanchez And His Latin Jazz Band,776,7,683
Original Soundtrack,777,41,35220
Donna Ares,778,0,0
Velour,779,4,66
Weekend Heroes,78,0,0
Win32,780,25,2832
Kaiak,781,46,14652
Panamory,782,0,27
Tantric Music Masters,783,31,989
Esa-Pekka Salonen,784,0,0
Groove Kid Nation,785,13,2732
Pavement,786,61,354867
Stayte,787,1,129
Randy Mundy & The Mundy Mourning Blues Band,788,0,5
Pappas Eget Band,789,3,148
"Choir of King's College, Cambridge",79,60,55062
Nevi Debeteru,790,0,0
Vinnie Colaiuta,791,40,26112
Adam Beattie,792,8,727
"Kid Panel, Synthetic Hype",793,0,0
Seth Troxler,794,0,0
Atilio Stampone,795,10,1274
Party Michael,796,0,52
Karmadoza,797,1,34
Antal Doráti,798,0,0
Kartellen,799,0,0
Юрий Шевчук,8,25,14175
Julien Chauvin,80,30,157
Los Chronos,800,0,34
Angela Hewitt,801,0,0
Reverend April,802,0,61
Musica Antiqua Köln,803,0,0
Zion I,804,0,0
Max Steiner,805,37,7985
Vickie Winans,806,0,0
Pet Music Academy,807,43,805
Luz de Cuba,808,0,0
Ali Din,809,11,580
ManLyk Redz,81,12,43
The Makers,810,0,0
Pyotr Ilyich Tchaikovsky,811,0,0
Shanty Rd,812,0,0
Little Willie John,813,39,19823
Kelvin Fordatkossu,814,0,0
Claudette Soares,815,0,0
Anika Horvat,816,6,182
Akwid,817,62,725262
DJ Crazy J Rodriguez,818,0,16542
C.T. Fernando,819,16,1006
Haydn Trio Wien,82,0,0
Conjunto Primavera,820,73,1456408
DJ Jazzy Jeff,821,0,0
Dennis Townhill,822,20,20
VoxPopuli,823,0,0
Sabaton,824,76,1280619
Lords Of Acid,825,0,0
Warhol.SS,826,0,0
DJ Willi,827,30,3697
Atracktive Audio,828,9,2
Folklore Sin Fronteras,829,8,1017
Gemini,83,0,0
Genetix,830,0,0
Timati,831,65,342091
陳浩民,832,5,79
Deepstahl,833,1,13
Santi Mostaffa,834,28,2273
Dominique,835,27,14460
After All,836,4,1154
The Mothers Of Invention,837,48,40376
Silent Rage,838,15,5121
Orchestre National Bordeaux Aquitaine,839,0,0
Echo & the Bunnymen,84,61,590394
London Philharmonic Orchestra,840,69,238339
Daniel Sanchez De La Hera,841,29,305
James Horner,842,0,0
Inceptum,843,0,0
Juan Huevos,844,0,0
Cadence,845,1,423
Reykjavictim,846,0,24
Loved Ones,847,1,215
Ludvig Hall,848,56,702
DJ Punisher,849,1,312
Freddie Hubbard,85,53,130163
Moonbeam,850,0,0
Die Wörtherseer,851,0,0
Baitaca,852,54,65423
Indian Calling,853,0,0
Nathan Melja,854,15,1057
Gil I Els Ratataplam,855,1,130
Dustrider,856,0,115
Barry White,857,70,1250256
Chileshe Bwalya,858,0,185
I Am Oak,859,0,0
BlindCompany乐队,86,0,0
Alison Andrews,860,0,2
Elsa,861,28,282
Merlot,862,0,0
Hanns Eisler,863,0,0
Necrophobic,864,38,39983
Snehal Bhatkar,865,2,736
Chet Baker,866,0,0
Helga Muller-Molinari,867,0,0
Miles Bonny,868,0,0
Chase Anthony,869,0,0
Glykeria,87,0,0
Daniel Dominguez,870,18,615
Renée Fleming,871,0,0
Djalil Palermo,872,53,108213
Eddy Woogy,873,23,5055
The Rifles,874,0,0
Lukrative,875,43,2727
Akira Wakabayashi,876,17,247
Joe Diffie,877,0,0
Dirty,878,0,0
Stas Mikhaylov,879,0,0
Dead When I Found Her,88,22,4048
Slate Hearts,880,0,86
Sucker DJs,881,11,164
Lenzi Brothers,882,5,139
Eprhyme,883,1,160
ecke,884,9,982
Clara Oman,885,2,115
Trippy,886,0,0
Matz-Ztefanz med Lailaz,887,0,0
Aurora,888,0,60
Mennel,889,29,8064
Procol Harum,89,58,288933
Rachel Fa'agutu,890,10,789
Classical Arabic Orchestra of Aleppo,891,22,10831
Steven Curtis Chapman,892,56,295411
Staatskapelle Dresden,893,53,11601
Lisbeth Scott,894,0,0
Luis y Julián Jr.,895,0,0
SPINN,896,37,17849
Bola Sete,897,37,7355
Bizhan Dadashi,898,4,7
Light Jazz Coffee House,899,31,174
Stink Palm,9,6,257
Xavi & Gi,90,0,0
NI.NE.MO,900,0,0
Cappella di Santa Maria degli Angiolini,901,10,23
Maria Papageorgiou,902,21,2387
The Selecter,903,43,85293
The Heaters,904,0,0
MALARKEY,905,49,2560
Processo do Ódio,906,0,38
Horst Neumann,907,0,0
Queen Darleen,908,29,398
Jacob Biermann,909,18,575
Pascal Parisot,91,0,0
Crowbar,910,43,101385
Kassav',911,49,45138
Benny Dhaliwal,912,30,73727
Février,913,2,162
Laxmikant–Pyarelal,914,50,99151
Johnny Rivera,915,49,170046
Charlie Brennan,916,46,3817
Ambrosian Singers,917,0,0
Agnostic Front,918,47,126741
Charlie McDonnell,919,13,10195
Abduction,92,4,869
The Vettes,920,3,257
DaDa1k,921,48,15769
Prúdy,922,22,224
Louie Ramirez,923,39,16791
Henrik Palm,924,20,2888
Prosthetics,925,2,214
78 West,926,0,6
Harmed,927,13,2488
Canciones De Cuna Para Dormir Bebes,928,59,11371
Jessica Allossery,929,22,3019
Misconduct,93,0,43
Italian Saxophone Quartet,930,6,372
"""African Drums in Belizean Garifuna Music"" Aziatic",931,0,6
Satie String Quartet,932,27,167
Todd Dulaney,933,0,0
Mojinos Escozios,934,46,96182
Oskars Krasauskis,935,3,9
Ellyn Maybe,936,0,37
The Abodox,937,0,16
TrajDali,938,0,20
The Infested,939,22,6092
Brad,94,12,4801
Edward Elgar,940,61,127064
Hardeep Grewal,941,41,89485
DYGL,942,39,41307
Maximono,943,0,0
Mikhail Boyarskiy,944,0,0
Harper Zen,945,40,1576
V.SPY V.SPY,946,38,6847
JohnRick,947,8,8
Noah Ayrton,948,19,2013
Buknas De Culiacan,949,0,0
Lybra,95,25,1039
Vidor Nagy,950,7,22
郭晉安,951,11,498
Gav Prentice,952,0,24
Feminnem,953,0,0
Reggie B,954,0,0
Marion Meadows,955,46,36051
Alfred Beck,956,0,0
DJ Afterthought,957,0,0
Buchmann-Mehta Symphony Orchestra,958,0,0
Chromatone,959,0,0
Charlie Sztyk,96,32,1692
Isolde Ahlgrimm,960,14,75
Maria Paris,961,9,957
Chimurenga Renaissance,962,7,961
John McCusker,963,0,0
Ruth Barrett,964,37,2183
Andrew & Polly,965,32,1783
Trae Tha Truth,966,0,0
Wynton Kelly Trio,967,37,2751
Le Concert de la Loge,968,30,325
Vlastur,969,16,1512
De La Gran Piñata,97,39,40478
Sonia De Los Santos,970,0,0
MC CLSP,971,29,4741
The Collingsworth Family,972,47,31974
Gavin G,973,0,0
Be Svendsen,974,0,0
Motte,975,0,0
City Dwelling Nature Seekers,976,4,82
Olivia Newton-John,977,71,865751
André Sylvain,978,5,85
Juan Manuel Lebron,979,35,8359
Centauros,98,4,183
Hoi Ann,980,6,170
Zombie Girl,981,0,0
The Big Band Trio,982,0,125
Fabula,983,14,1838
Flávio José,984,50,142962
Commando 9mm,985,15,4086
Kono (USA),986,0,0
Grynch,987,28,3453
Silla,988,0,0
Manic Bloom,989,31,3763
chief.,99,0,0
Bessone,990,0,10
The Pods Interrobang,991,0,76
Bryan Mayer,992,5,875
The Commercial Hippies,993,0,0
The Goths,994,0,58
A2B,995,19,74
Sopor Aeternus & The Ensemble Of Shadows,996,42,70435
Anges d'Afrik,997,9,964
City of the Sun,998,52,97859
I Giocatori,999,21,476
